Date,Close,Console
2024-10-05,45,GameBoy
2024-10-05,48,NES
2024-10-05,50,SNES
2024-10-04,47,GameBoy
2024-10-04,41,NES
2024-10-04,45,SNES
2024-10-03,42,GameBoy
2024-10-03,42,NES
2024-10-03,42,SNES
2024-10-02,39,GameBoy
2024-10-02,46,NES
2024-10-02,36,SNES
2024-10-01,48,GameBoy
2024-10-01,43,NES
2024-10-01,36,SNES
2024-09-30,51,GameBoy
2024-09-30,49,NES
2024-09-30,44,SNES
2024-09-29,55,GameBoy
2024-09-29,40,NES
2024-09-29,41,SNES
2024-09-28,63,GameBoy
2024-09-28,41,NES
2024-09-28,50,SNES
2024-09-27,55,GameBoy
2024-09-27,50,NES
2024-09-27,40,SNES
2024-09-26,45,GameBoy
2024-09-26,55,NES
2024-09-26,48,SNES
2024-09-25,46,GameBoy
2024-09-25,63,NES
2024-09-25,42,SNES
2024-09-24,48,GameBoy
2024-09-24,59,NES
2024-09-24,43,SNES
2024-09-23,41,GameBoy
2024-09-23,66,NES
2024-09-23,38,SNES
2024-09-22,34,GameBoy
2024-09-22,69,NES
2024-09-22,40,SNES
2024-09-21,39,GameBoy
2024-09-21,78,NES
2024-09-21,43,SNES
2024-09-20,29,GameBoy
2024-09-20,74,NES
2024-09-20,34,SNES
2024-09-19,37,GameBoy
2024-09-19,66,NES
2024-09-19,38,SNES
2024-09-18,45,GameBoy
2024-09-18,66,NES
2024-09-18,45,SNES
2024-09-17,51,GameBoy
2024-09-17,69,NES
2024-09-17,43,SNES
2024-09-16,44,GameBoy
2024-09-16,64,NES
2024-09-16,43,SNES
2024-09-15,42,GameBoy
2024-09-15,72,NES
2024-09-15,37,SNES
2024-09-14,37,GameBoy
2024-09-14,79,NES
2024-09-14,35,SNES
2024-09-13,38,GameBoy
2024-09-13,81,NES
2024-09-13,26,SNES
2024-09-12,45,GameBoy
2024-09-12,77,NES
2024-09-12,22,SNES
2024-09-11,39,GameBoy
2024-09-11,70,NES
2024-09-11,25,SNES
2024-09-10,44,GameBoy
2024-09-10,71,NES
2024-09-10,27,SNES
2024-09-09,43,GameBoy
2024-09-09,75,NES
2024-09-09,26,SNES
2024-09-08,50,GameBoy
2024-09-08,77,NES
2024-09-08,30,SNES
2024-09-07,42,GameBoy
2024-09-07,74,NES
2024-09-07,28,SNES
2024-09-06,35,GameBoy
2024-09-06,83,NES
2024-09-06,35,SNES
2024-09-05,27,GameBoy
2024-09-05,92,NES
2024-09-05,43,SNES
2024-09-04,19,GameBoy
2024-09-04,101,NES
2024-09-04,39,SNES
2024-09-03,10,GameBoy
2024-09-03,108,NES
2024-09-03,38,SNES
2024-09-02,5,GameBoy
2024-09-02,115,NES
2024-09-02,38,SNES
2024-09-01,5,GameBoy
2024-09-01,112,NES
2024-09-01,30,SNES
2024-08-31,12,GameBoy
2024-08-31,114,NES
2024-08-31,29,SNES
2024-08-30,5,GameBoy
2024-08-30,119,NES
2024-08-30,36,SNES
2024-08-29,5,GameBoy
2024-08-29,122,NES
2024-08-29,27,SNES
2024-08-28,5,GameBoy
2024-08-28,117,NES
2024-08-28,22,SNES
2024-08-27,5,GameBoy
2024-08-27,112,NES
2024-08-27,29,SNES
2024-08-26,5,GameBoy
2024-08-26,113,NES
2024-08-26,25,SNES
2024-08-25,5,GameBoy
2024-08-25,106,NES
2024-08-25,21,SNES
2024-08-24,5,GameBoy
2024-08-24,99,NES
2024-08-24,25,SNES
2024-08-23,5,GameBoy
2024-08-23,90,NES
2024-08-23,25,SNES
2024-08-22,10,GameBoy
2024-08-22,81,NES
2024-08-22,28,SNES
2024-08-21,5,GameBoy
2024-08-21,80,NES
2024-08-21,26,SNES
2024-08-20,5,GameBoy
2024-08-20,70,NES
2024-08-20,19,SNES
2024-08-19,5,GameBoy
2024-08-19,66,NES
2024-08-19,19,SNES
2024-08-18,5,GameBoy
2024-08-18,74,NES
2024-08-18,11,SNES
2024-08-17,5,GameBoy
2024-08-17,64,NES
2024-08-17,10,SNES
2024-08-16,5,GameBoy
2024-08-16,66,NES
2024-08-16,19,SNES
2024-08-15,7,GameBoy
2024-08-15,68,NES
2024-08-15,28,SNES
2024-08-14,16,GameBoy
2024-08-14,61,NES
2024-08-14,34,SNES
2024-08-13,6,GameBoy
2024-08-13,66,NES
2024-08-13,35,SNES
2024-08-12,5,GameBoy
2024-08-12,69,NES
2024-08-12,31,SNES
2024-08-11,11,GameBoy
2024-08-11,75,NES
2024-08-11,37,SNES
2024-08-10,19,GameBoy
2024-08-10,67,NES
2024-08-10,34,SNES
2024-08-09,23,GameBoy
2024-08-09,75,NES
2024-08-09,25,SNES
2024-08-08,18,GameBoy
2024-08-08,74,NES
2024-08-08,30,SNES
2024-08-07,18,GameBoy
2024-08-07,74,NES
2024-08-07,35,SNES
2024-08-06,9,GameBoy
2024-08-06,73,NES
2024-08-06,37,SNES
2024-08-05,6,GameBoy
2024-08-05,71,NES
2024-08-05,35,SNES
2024-08-04,5,GameBoy
2024-08-04,74,NES
2024-08-04,39,SNES
2024-08-03,6,GameBoy
2024-08-03,82,NES
2024-08-03,40,SNES
2024-08-02,5,GameBoy
2024-08-02,78,NES
2024-08-02,37,SNES
2024-08-01,5,GameBoy
2024-08-01,81,NES
2024-08-01,38,SNES
2024-07-31,5,GameBoy
2024-07-31,76,NES
2024-07-31,34,SNES
2024-07-30,6,GameBoy
2024-07-30,69,NES
2024-07-30,34,SNES
2024-07-29,5,GameBoy
2024-07-29,60,NES
2024-07-29,36,SNES
2024-07-28,14,GameBoy
2024-07-28,68,NES
2024-07-28,28,SNES
2024-07-27,18,GameBoy
2024-07-27,75,NES
2024-07-27,24,SNES
2024-07-26,17,GameBoy
2024-07-26,66,NES
2024-07-26,31,SNES
2024-07-25,11,GameBoy
2024-07-25,65,NES
2024-07-25,34,SNES
2024-07-24,6,GameBoy
2024-07-24,73,NES
2024-07-24,37,SNES
2024-07-23,8,GameBoy
2024-07-23,65,NES
2024-07-23,28,SNES
2024-07-22,12,GameBoy
2024-07-22,59,NES
2024-07-22,32,SNES
2024-07-21,18,GameBoy
2024-07-21,64,NES
2024-07-21,34,SNES
2024-07-20,16,GameBoy
2024-07-20,72,NES
2024-07-20,38,SNES
2024-07-19,6,GameBoy
2024-07-19,73,NES
2024-07-19,30,SNES
2024-07-18,7,GameBoy
2024-07-18,76,NES
2024-07-18,35,SNES
2024-07-17,10,GameBoy
2024-07-17,80,NES
2024-07-17,37,SNES
2024-07-16,5,GameBoy
2024-07-16,80,NES
2024-07-16,35,SNES
2024-07-15,5,GameBoy
2024-07-15,75,NES
2024-07-15,36,SNES
2024-07-14,5,GameBoy
2024-07-14,65,NES
2024-07-14,33,SNES
2024-07-13,5,GameBoy
2024-07-13,58,NES
2024-07-13,31,SNES
2024-07-12,12,GameBoy
2024-07-12,62,NES
2024-07-12,26,SNES
2024-07-11,6,GameBoy
2024-07-11,59,NES
2024-07-11,31,SNES
2024-07-10,5,GameBoy
2024-07-10,60,NES
2024-07-10,39,SNES
2024-07-09,7,GameBoy
2024-07-09,64,NES
2024-07-09,39,SNES
2024-07-08,8,GameBoy
2024-07-08,61,NES
2024-07-08,33,SNES
2024-07-07,6,GameBoy
2024-07-07,56,NES
2024-07-07,37,SNES
2024-07-06,8,GameBoy
2024-07-06,52,NES
2024-07-06,40,SNES
2024-07-05,7,GameBoy
2024-07-05,51,NES
2024-07-05,31,SNES
2024-07-04,16,GameBoy
2024-07-04,55,NES
2024-07-04,24,SNES
2024-07-03,25,GameBoy
2024-07-03,50,NES
2024-07-03,18,SNES
2024-07-02,34,GameBoy
2024-07-02,42,NES
2024-07-02,17,SNES
2024-07-01,34,GameBoy
2024-07-01,39,NES
2024-07-01,9,SNES
2024-06-30,34,GameBoy
2024-06-30,32,NES
2024-06-30,9,SNES
2024-06-29,29,GameBoy
2024-06-29,32,NES
2024-06-29,11,SNES
2024-06-28,31,GameBoy
2024-06-28,40,NES
2024-06-28,16,SNES
2024-06-27,36,GameBoy
2024-06-27,36,NES
2024-06-27,25,SNES
2024-06-26,32,GameBoy
2024-06-26,44,NES
2024-06-26,30,SNES
2024-06-25,27,GameBoy
2024-06-25,41,NES
2024-06-25,39,SNES
2024-06-24,25,GameBoy
2024-06-24,41,NES
2024-06-24,32,SNES
2024-06-23,20,GameBoy
2024-06-23,41,NES
2024-06-23,23,SNES
2024-06-22,11,GameBoy
2024-06-22,31,NES
2024-06-22,32,SNES
2024-06-21,7,GameBoy
2024-06-21,34,NES
2024-06-21,35,SNES
2024-06-20,6,GameBoy
2024-06-20,34,NES
2024-06-20,33,SNES
2024-06-19,5,GameBoy
2024-06-19,37,NES
2024-06-19,41,SNES
2024-06-18,8,GameBoy
2024-06-18,32,NES
2024-06-18,39,SNES
2024-06-17,7,GameBoy
2024-06-17,23,NES
2024-06-17,48,SNES
2024-06-16,6,GameBoy
2024-06-16,15,NES
2024-06-16,42,SNES
2024-06-15,5,GameBoy
2024-06-15,23,NES
2024-06-15,42,SNES
2024-06-14,7,GameBoy
2024-06-14,13,NES
2024-06-14,46,SNES
2024-06-13,11,GameBoy
2024-06-13,12,NES
2024-06-13,45,SNES
2024-06-12,14,GameBoy
2024-06-12,15,NES
2024-06-12,51,SNES
2024-06-11,6,GameBoy
2024-06-11,15,NES
2024-06-11,43,SNES
2024-06-10,7,GameBoy
2024-06-10,11,NES
2024-06-10,48,SNES
2024-06-09,5,GameBoy
2024-06-09,5,NES
2024-06-09,56,SNES
2024-06-08,11,GameBoy
2024-06-08,13,NES
2024-06-08,64,SNES
2024-06-07,10,GameBoy
2024-06-07,18,NES
2024-06-07,59,SNES
2024-06-06,9,GameBoy
2024-06-06,24,NES
2024-06-06,62,SNES
2024-06-05,12,GameBoy
2024-06-05,28,NES
2024-06-05,71,SNES
2024-06-04,7,GameBoy
2024-06-04,23,NES
2024-06-04,76,SNES
2024-06-03,16,GameBoy
2024-06-03,29,NES
2024-06-03,80,SNES
2024-06-02,9,GameBoy
2024-06-02,34,NES
2024-06-02,80,SNES
2024-06-01,17,GameBoy
2024-06-01,36,NES
2024-06-01,87,SNES
2024-05-31,20,GameBoy
2024-05-31,33,NES
2024-05-31,83,SNES
2024-05-30,26,GameBoy
2024-05-30,35,NES
2024-05-30,80,SNES
2024-05-29,29,GameBoy
2024-05-29,29,NES
2024-05-29,87,SNES
2024-05-28,21,GameBoy
2024-05-28,22,NES
2024-05-28,77,SNES
2024-05-27,14,GameBoy
2024-05-27,27,NES
2024-05-27,85,SNES
2024-05-26,5,GameBoy
2024-05-26,19,NES
2024-05-26,86,SNES
2024-05-25,9,GameBoy
2024-05-25,28,NES
2024-05-25,83,SNES
2024-05-24,9,GameBoy
2024-05-24,20,NES
2024-05-24,84,SNES
2024-05-23,16,GameBoy
2024-05-23,22,NES
2024-05-23,79,SNES
2024-05-22,10,GameBoy
2024-05-22,16,NES
2024-05-22,82,SNES
2024-05-21,6,GameBoy
2024-05-21,15,NES
2024-05-21,77,SNES
2024-05-20,5,GameBoy
2024-05-20,6,NES
2024-05-20,79,SNES
2024-05-19,5,GameBoy
2024-05-19,5,NES
2024-05-19,76,SNES
2024-05-18,11,GameBoy
2024-05-18,5,NES
2024-05-18,85,SNES
2024-05-17,8,GameBoy
2024-05-17,5,NES
2024-05-17,94,SNES
2024-05-16,5,GameBoy
2024-05-16,6,NES
2024-05-16,92,SNES
2024-05-15,10,GameBoy
2024-05-15,5,NES
2024-05-15,83,SNES
2024-05-14,5,GameBoy
2024-05-14,13,NES
2024-05-14,89,SNES
2024-05-13,6,GameBoy
2024-05-13,6,NES
2024-05-13,93,SNES
2024-05-12,5,GameBoy
2024-05-12,14,NES
2024-05-12,88,SNES
2024-05-11,5,GameBoy
2024-05-11,12,NES
2024-05-11,96,SNES
2024-05-10,5,GameBoy
2024-05-10,18,NES
2024-05-10,86,SNES
2024-05-09,5,GameBoy
2024-05-09,10,NES
2024-05-09,78,SNES
2024-05-08,5,GameBoy
2024-05-08,15,NES
2024-05-08,75,SNES
2024-05-07,11,GameBoy
2024-05-07,9,NES
2024-05-07,67,SNES
2024-05-06,13,GameBoy
2024-05-06,17,NES
2024-05-06,73,SNES
2024-05-05,7,GameBoy
2024-05-05,8,NES
2024-05-05,82,SNES
2024-05-04,5,GameBoy
2024-05-04,14,NES
2024-05-04,90,SNES
2024-05-03,5,GameBoy
2024-05-03,6,NES
2024-05-03,83,SNES
2024-05-02,12,GameBoy
2024-05-02,7,NES
2024-05-02,86,SNES
2024-05-01,20,GameBoy
2024-05-01,5,NES
2024-05-01,78,SNES
2024-04-30,17,GameBoy
2024-04-30,5,NES
2024-04-30,87,SNES
2024-04-29,23,GameBoy
2024-04-29,10,NES
2024-04-29,80,SNES
2024-04-28,21,GameBoy
2024-04-28,5,NES
2024-04-28,83,SNES
2024-04-27,12,GameBoy
2024-04-27,5,NES
2024-04-27,74,SNES
2024-04-26,19,GameBoy
2024-04-26,5,NES
2024-04-26,75,SNES
2024-04-25,10,GameBoy
2024-04-25,5,NES
2024-04-25,66,SNES
2024-04-24,18,GameBoy
2024-04-24,5,NES
2024-04-24,74,SNES
2024-04-23,10,GameBoy
2024-04-23,11,NES
2024-04-23,66,SNES
2024-04-22,12,GameBoy
2024-04-22,17,NES
2024-04-22,72,SNES
2024-04-21,20,GameBoy
2024-04-21,21,NES
2024-04-21,66,SNES
2024-04-20,14,GameBoy
2024-04-20,24,NES
2024-04-20,68,SNES
2024-04-19,18,GameBoy
2024-04-19,14,NES
2024-04-19,62,SNES
2024-04-18,25,GameBoy
2024-04-18,18,NES
2024-04-18,54,SNES
2024-04-17,29,GameBoy
2024-04-17,16,NES
2024-04-17,63,SNES
2024-04-16,34,GameBoy
2024-04-16,24,NES
2024-04-16,60,SNES
2024-04-15,33,GameBoy
2024-04-15,17,NES
2024-04-15,61,SNES
2024-04-14,41,GameBoy
2024-04-14,9,NES
2024-04-14,62,SNES
2024-04-13,43,GameBoy
2024-04-13,5,NES
2024-04-13,53,SNES
2024-04-12,45,GameBoy
2024-04-12,13,NES
2024-04-12,55,SNES
2024-04-11,53,GameBoy
2024-04-11,7,NES
2024-04-11,45,SNES
2024-04-10,54,GameBoy
2024-04-10,5,NES
2024-04-10,50,SNES
2024-04-09,55,GameBoy
2024-04-09,5,NES
2024-04-09,57,SNES
2024-04-08,53,GameBoy
2024-04-08,5,NES
2024-04-08,64,SNES
2024-04-07,61,GameBoy
2024-04-07,11,NES
2024-04-07,70,SNES
2024-04-06,56,GameBoy
2024-04-06,16,NES
2024-04-06,67,SNES
2024-04-05,54,GameBoy
2024-04-05,15,NES
2024-04-05,57,SNES
2024-04-04,44,GameBoy
2024-04-04,8,NES
2024-04-04,64,SNES
2024-04-03,44,GameBoy
2024-04-03,13,NES
2024-04-03,72,SNES
2024-04-02,36,GameBoy
2024-04-02,17,NES
2024-04-02,62,SNES
2024-04-01,40,GameBoy
2024-04-01,19,NES
2024-04-01,63,SNES
2024-03-31,31,GameBoy
2024-03-31,24,NES
2024-03-31,70,SNES
2024-03-30,25,GameBoy
2024-03-30,15,NES
2024-03-30,79,SNES
2024-03-29,27,GameBoy
2024-03-29,7,NES
2024-03-29,70,SNES
2024-03-28,25,GameBoy
2024-03-28,13,NES
2024-03-28,74,SNES
2024-03-27,22,GameBoy
2024-03-27,19,NES
2024-03-27,81,SNES
2024-03-26,24,GameBoy
2024-03-26,16,NES
2024-03-26,71,SNES
2024-03-25,22,GameBoy
2024-03-25,6,NES
2024-03-25,62,SNES
2024-03-24,22,GameBoy
2024-03-24,5,NES
2024-03-24,56,SNES
2024-03-23,24,GameBoy
2024-03-23,13,NES
2024-03-23,58,SNES
2024-03-22,27,GameBoy
2024-03-22,5,NES
2024-03-22,57,SNES
2024-03-21,18,GameBoy
2024-03-21,13,NES
2024-03-21,63,SNES
2024-03-20,19,GameBoy
2024-03-20,20,NES
2024-03-20,68,SNES
2024-03-19,18,GameBoy
2024-03-19,27,NES
2024-03-19,64,SNES
2024-03-18,23,GameBoy
2024-03-18,24,NES
2024-03-18,63,SNES
2024-03-17,31,GameBoy
2024-03-17,18,NES
2024-03-17,58,SNES
2024-03-16,22,GameBoy
2024-03-16,14,NES
2024-03-16,56,SNES
2024-03-15,22,GameBoy
2024-03-15,14,NES
2024-03-15,57,SNES
2024-03-14,27,GameBoy
2024-03-14,20,NES
2024-03-14,55,SNES
2024-03-13,27,GameBoy
2024-03-13,26,NES
2024-03-13,54,SNES
2024-03-12,27,GameBoy
2024-03-12,35,NES
2024-03-12,45,SNES
2024-03-11,31,GameBoy
2024-03-11,34,NES
2024-03-11,53,SNES
2024-03-10,37,GameBoy
2024-03-10,24,NES
2024-03-10,49,SNES
2024-03-09,34,GameBoy
2024-03-09,17,NES
2024-03-09,44,SNES
2024-03-08,26,GameBoy
2024-03-08,17,NES
2024-03-08,45,SNES
2024-03-07,17,GameBoy
2024-03-07,10,NES
2024-03-07,40,SNES
2024-03-06,26,GameBoy
2024-03-06,5,NES
2024-03-06,41,SNES
2024-03-05,30,GameBoy
2024-03-05,5,NES
2024-03-05,35,SNES
2024-03-04,30,GameBoy
2024-03-04,5,NES
2024-03-04,30,SNES
2024-03-03,21,GameBoy
2024-03-03,5,NES
2024-03-03,34,SNES
2024-03-02,21,GameBoy
2024-03-02,5,NES
2024-03-02,26,SNES
2024-03-01,16,GameBoy
2024-03-01,8,NES
2024-03-01,23,SNES
2024-02-29,21,GameBoy
2024-02-29,11,NES
2024-02-29,21,SNES
2024-02-28,26,GameBoy
2024-02-28,9,NES
2024-02-28,30,SNES
2024-02-27,20,GameBoy
2024-02-27,11,NES
2024-02-27,26,SNES
2024-02-26,10,GameBoy
2024-02-26,12,NES
2024-02-26,22,SNES
2024-02-25,5,GameBoy
2024-02-25,14,NES
2024-02-25,30,SNES
2024-02-24,9,GameBoy
2024-02-24,5,NES
2024-02-24,34,SNES
2024-02-23,15,GameBoy
2024-02-23,5,NES
2024-02-23,32,SNES
2024-02-22,16,GameBoy
2024-02-22,5,NES
2024-02-22,23,SNES
2024-02-21,16,GameBoy
2024-02-21,5,NES
2024-02-21,20,SNES
2024-02-20,20,GameBoy
2024-02-20,5,NES
2024-02-20,14,SNES
2024-02-19,14,GameBoy
2024-02-19,5,NES
2024-02-19,14,SNES
2024-02-18,7,GameBoy
2024-02-18,6,NES
2024-02-18,10,SNES
2024-02-17,5,GameBoy
2024-02-17,5,NES
2024-02-17,7,SNES
2024-02-16,5,GameBoy
2024-02-16,5,NES
2024-02-16,16,SNES
2024-02-15,14,GameBoy
2024-02-15,5,NES
2024-02-15,9,SNES
2024-02-14,7,GameBoy
2024-02-14,13,NES
2024-02-14,16,SNES
2024-02-13,5,GameBoy
2024-02-13,9,NES
2024-02-13,15,SNES
2024-02-12,5,GameBoy
2024-02-12,15,NES
2024-02-12,23,SNES
2024-02-11,5,GameBoy
2024-02-11,8,NES
2024-02-11,22,SNES
2024-02-10,12,GameBoy
2024-02-10,5,NES
2024-02-10,23,SNES
2024-02-09,18,GameBoy
2024-02-09,14,NES
2024-02-09,26,SNES
2024-02-08,27,GameBoy
2024-02-08,11,NES
2024-02-08,32,SNES
2024-02-07,28,GameBoy
2024-02-07,20,NES
2024-02-07,28,SNES
2024-02-06,27,GameBoy
2024-02-06,10,NES
2024-02-06,33,SNES
2024-02-05,27,GameBoy
2024-02-05,8,NES
2024-02-05,38,SNES
2024-02-04,35,GameBoy
2024-02-04,15,NES
2024-02-04,43,SNES
2024-02-03,27,GameBoy
2024-02-03,9,NES
2024-02-03,49,SNES
2024-02-02,34,GameBoy
2024-02-02,5,NES
2024-02-02,52,SNES
2024-02-01,30,GameBoy
2024-02-01,5,NES
2024-02-01,47,SNES
2024-01-31,29,GameBoy
2024-01-31,5,NES
2024-01-31,37,SNES
2024-01-30,21,GameBoy
2024-01-30,5,NES
2024-01-30,44,SNES
2024-01-29,28,GameBoy
2024-01-29,5,NES
2024-01-29,44,SNES
2024-01-28,22,GameBoy
2024-01-28,7,NES
2024-01-28,34,SNES
2024-01-27,31,GameBoy
2024-01-27,5,NES
2024-01-27,24,SNES
2024-01-26,29,GameBoy
2024-01-26,7,NES
2024-01-26,18,SNES
2024-01-25,35,GameBoy
2024-01-25,13,NES
2024-01-25,14,SNES
2024-01-24,29,GameBoy
2024-01-24,11,NES
2024-01-24,10,SNES
2024-01-23,22,GameBoy
2024-01-23,19,NES
2024-01-23,5,SNES
2024-01-22,28,GameBoy
2024-01-22,24,NES
2024-01-22,7,SNES
2024-01-21,18,GameBoy
2024-01-21,16,NES
2024-01-21,5,SNES
2024-01-20,10,GameBoy
2024-01-20,12,NES
2024-01-20,8,SNES
2024-01-19,12,GameBoy
2024-01-19,7,NES
2024-01-19,16,SNES
2024-01-18,12,GameBoy
2024-01-18,5,NES
2024-01-18,25,SNES
2024-01-17,18,GameBoy
2024-01-17,5,NES
2024-01-17,24,SNES
2024-01-16,17,GameBoy
2024-01-16,5,NES
2024-01-16,27,SNES
2024-01-15,10,GameBoy
2024-01-15,5,NES
2024-01-15,21,SNES
2024-01-14,19,GameBoy
2024-01-14,14,NES
2024-01-14,20,SNES
2024-01-13,16,GameBoy
2024-01-13,5,NES
2024-01-13,19,SNES
2024-01-12,18,GameBoy
2024-01-12,5,NES
2024-01-12,23,SNES
2024-01-11,21,GameBoy
2024-01-11,9,NES
2024-01-11,20,SNES
2024-01-10,19,GameBoy
2024-01-10,13,NES
2024-01-10,24,SNES
2024-01-09,26,GameBoy
2024-01-09,10,NES
2024-01-09,31,SNES
2024-01-08,33,GameBoy
2024-01-08,19,NES
2024-01-08,36,SNES
2024-01-07,40,GameBoy
2024-01-07,13,NES
2024-01-07,34,SNES
2024-01-06,40,GameBoy
2024-01-06,17,NES
2024-01-06,26,SNES
2024-01-05,33,GameBoy
2024-01-05,12,NES
2024-01-05,20,SNES
2024-01-04,41,GameBoy
2024-01-04,18,NES
2024-01-04,25,SNES
2024-01-03,45,GameBoy
2024-01-03,26,NES
2024-01-03,19,SNES
2024-01-02,42,GameBoy
2024-01-02,24,NES
2024-01-02,13,SNES
2024-01-01,39,GameBoy
2024-01-01,19,NES
2024-01-01,12,SNES
2023-12-31,32,GameBoy
2023-12-31,18,NES
2023-12-31,21,SNES
2023-12-30,41,GameBoy
2023-12-30,22,NES
2023-12-30,11,SNES
2023-12-29,43,GameBoy
2023-12-29,15,NES
2023-12-29,7,SNES
2023-12-28,33,GameBoy
2023-12-28,5,NES
2023-12-28,5,SNES
2023-12-27,33,GameBoy
2023-12-27,12,NES
2023-12-27,5,SNES
2023-12-26,34,GameBoy
2023-12-26,5,NES
2023-12-26,5,SNES
2023-12-25,33,GameBoy
2023-12-25,8,NES
2023-12-25,9,SNES
2023-12-24,27,GameBoy
2023-12-24,13,NES
2023-12-24,11,SNES
2023-12-23,21,GameBoy
2023-12-23,20,NES
2023-12-23,12,SNES
2023-12-22,14,GameBoy
2023-12-22,28,NES
2023-12-22,11,SNES
2023-12-21,9,GameBoy
2023-12-21,34,NES
2023-12-21,5,SNES
2023-12-20,9,GameBoy
2023-12-20,24,NES
2023-12-20,5,SNES
2023-12-19,5,GameBoy
2023-12-19,28,NES
2023-12-19,14,SNES
2023-12-18,10,GameBoy
2023-12-18,18,NES
2023-12-18,13,SNES
2023-12-17,5,GameBoy
2023-12-17,24,NES
2023-12-17,22,SNES
2023-12-16,5,GameBoy
2023-12-16,32,NES
2023-12-16,13,SNES
2023-12-15,12,GameBoy
2023-12-15,24,NES
2023-12-15,5,SNES
2023-12-14,16,GameBoy
2023-12-14,15,NES
2023-12-14,11,SNES
2023-12-13,10,GameBoy
2023-12-13,19,NES
2023-12-13,20,SNES
2023-12-12,5,GameBoy
2023-12-12,14,NES
2023-12-12,11,SNES
2023-12-11,5,GameBoy
2023-12-11,23,NES
2023-12-11,12,SNES
2023-12-10,5,GameBoy
2023-12-10,25,NES
2023-12-10,11,SNES
2023-12-09,5,GameBoy
2023-12-09,19,NES
2023-12-09,20,SNES
2023-12-08,5,GameBoy
2023-12-08,25,NES
2023-12-08,14,SNES
2023-12-07,5,GameBoy
2023-12-07,19,NES
2023-12-07,22,SNES
2023-12-06,5,GameBoy
2023-12-06,13,NES
2023-12-06,16,SNES
2023-12-05,7,GameBoy
2023-12-05,8,NES
2023-12-05,25,SNES
2023-12-04,5,GameBoy
2023-12-04,5,NES
2023-12-04,27,SNES
2023-12-03,10,GameBoy
2023-12-03,9,NES
2023-12-03,34,SNES
2023-12-02,10,GameBoy
2023-12-02,18,NES
2023-12-02,31,SNES
2023-12-01,19,GameBoy
2023-12-01,10,NES
2023-12-01,38,SNES
2023-11-30,14,GameBoy
2023-11-30,7,NES
2023-11-30,30,SNES
2023-11-29,22,GameBoy
2023-11-29,8,NES
2023-11-29,20,SNES
2023-11-28,29,GameBoy
2023-11-28,5,NES
2023-11-28,23,SNES
2023-11-27,21,GameBoy
2023-11-27,5,NES
2023-11-27,29,SNES
2023-11-26,24,GameBoy
2023-11-26,5,NES
2023-11-26,22,SNES
2023-11-25,18,GameBoy
2023-11-25,5,NES
2023-11-25,22,SNES
2023-11-24,10,GameBoy
2023-11-24,12,NES
2023-11-24,21,SNES
2023-11-23,18,GameBoy
2023-11-23,19,NES
2023-11-23,17,SNES
2023-11-22,9,GameBoy
2023-11-22,14,NES
2023-11-22,25,SNES
2023-11-21,5,GameBoy
2023-11-21,8,NES
2023-11-21,17,SNES
2023-11-20,8,GameBoy
2023-11-20,5,NES
2023-11-20,7,SNES
2023-11-19,7,GameBoy
2023-11-19,9,NES
2023-11-19,5,SNES
2023-11-18,11,GameBoy
2023-11-18,5,NES
2023-11-18,5,SNES
2023-11-17,6,GameBoy
2023-11-17,12,NES
2023-11-17,5,SNES
2023-11-16,12,GameBoy
2023-11-16,20,NES
2023-11-16,5,SNES
2023-11-15,5,GameBoy
2023-11-15,29,NES
2023-11-15,8,SNES
2023-11-14,5,GameBoy
2023-11-14,23,NES
2023-11-14,17,SNES
2023-11-13,5,GameBoy
2023-11-13,21,NES
2023-11-13,19,SNES
2023-11-12,5,GameBoy
2023-11-12,18,NES
2023-11-12,23,SNES
2023-11-11,5,GameBoy
2023-11-11,17,NES
2023-11-11,29,SNES
2023-11-10,10,GameBoy
2023-11-10,24,NES
2023-11-10,34,SNES
2023-11-09,13,GameBoy
2023-11-09,29,NES
2023-11-09,33,SNES
2023-11-08,19,GameBoy
2023-11-08,30,NES
2023-11-08,34,SNES
2023-11-07,15,GameBoy
2023-11-07,29,NES
2023-11-07,29,SNES
2023-11-06,8,GameBoy
2023-11-06,29,NES
2023-11-06,36,SNES
2023-11-05,10,GameBoy
2023-11-05,28,NES
2023-11-05,42,SNES
2023-11-04,5,GameBoy
2023-11-04,21,NES
2023-11-04,49,SNES
2023-11-03,7,GameBoy
2023-11-03,29,NES
2023-11-03,51,SNES
2023-11-02,14,GameBoy
2023-11-02,20,NES
2023-11-02,46,SNES
2023-11-01,20,GameBoy
2023-11-01,13,NES
2023-11-01,40,SNES
2023-10-31,27,GameBoy
2023-10-31,22,NES
2023-10-31,31,SNES
2023-10-30,17,GameBoy
2023-10-30,15,NES
2023-10-30,34,SNES
2023-10-29,15,GameBoy
2023-10-29,18,NES
2023-10-29,35,SNES
2023-10-28,11,GameBoy
2023-10-28,14,NES
2023-10-28,37,SNES
2023-10-27,5,GameBoy
2023-10-27,23,NES
2023-10-27,29,SNES
2023-10-26,5,GameBoy
2023-10-26,19,NES
2023-10-26,25,SNES
2023-10-25,7,GameBoy
2023-10-25,18,NES
2023-10-25,33,SNES
2023-10-24,5,GameBoy
2023-10-24,10,NES
2023-10-24,39,SNES
2023-10-23,5,GameBoy
2023-10-23,18,NES
2023-10-23,39,SNES
2023-10-22,5,GameBoy
2023-10-22,20,NES
2023-10-22,36,SNES
2023-10-21,13,GameBoy
2023-10-21,29,NES
2023-10-21,30,SNES
2023-10-20,22,GameBoy
2023-10-20,24,NES
2023-10-20,22,SNES
2023-10-19,19,GameBoy
2023-10-19,29,NES
2023-10-19,14,SNES
2023-10-18,20,GameBoy
2023-10-18,35,NES
2023-10-18,9,SNES
2023-10-17,14,GameBoy
2023-10-17,37,NES
2023-10-17,7,SNES
2023-10-16,9,GameBoy
2023-10-16,42,NES
2023-10-16,7,SNES
2023-10-15,17,GameBoy
2023-10-15,32,NES
2023-10-15,6,SNES
2023-10-14,20,GameBoy
2023-10-14,38,NES
2023-10-14,8,SNES
2023-10-13,17,GameBoy
2023-10-13,35,NES
2023-10-13,6,SNES
2023-10-12,20,GameBoy
2023-10-12,43,NES
2023-10-12,5,SNES
2023-10-11,25,GameBoy
2023-10-11,47,NES
2023-10-11,5,SNES
2023-10-10,33,GameBoy
2023-10-10,38,NES
2023-10-10,13,SNES
2023-10-09,34,GameBoy
2023-10-09,40,NES
2023-10-09,6,SNES
2023-10-08,39,GameBoy
2023-10-08,34,NES
2023-10-08,5,SNES
2023-10-07,41,GameBoy
2023-10-07,31,NES
2023-10-07,5,SNES
2023-10-06,48,GameBoy
2023-10-06,27,NES
2023-10-06,8,SNES
2023-10-05,40,GameBoy
2023-10-05,26,NES
2023-10-05,12,SNES
2023-10-04,49,GameBoy
2023-10-04,27,NES
2023-10-04,8,SNES
2023-10-03,41,GameBoy
2023-10-03,18,NES
2023-10-03,5,SNES
2023-10-02,50,GameBoy
2023-10-02,24,NES
2023-10-02,11,SNES
2023-10-01,53,GameBoy
2023-10-01,21,NES
2023-10-01,15,SNES
2023-09-30,43,GameBoy
2023-09-30,20,NES
2023-09-30,10,SNES
2023-09-29,47,GameBoy
2023-09-29,19,NES
2023-09-29,5,SNES
2023-09-28,48,GameBoy
2023-09-28,18,NES
2023-09-28,14,SNES
2023-09-27,44,GameBoy
2023-09-27,8,NES
2023-09-27,11,SNES
2023-09-26,47,GameBoy
2023-09-26,5,NES
2023-09-26,9,SNES
2023-09-25,55,GameBoy
2023-09-25,7,NES
2023-09-25,5,SNES
2023-09-24,53,GameBoy
2023-09-24,16,NES
2023-09-24,13,SNES
2023-09-23,50,GameBoy
2023-09-23,19,NES
2023-09-23,7,SNES
2023-09-22,43,GameBoy
2023-09-22,14,NES
2023-09-22,5,SNES
2023-09-21,33,GameBoy
2023-09-21,22,NES
2023-09-21,5,SNES
2023-09-20,24,GameBoy
2023-09-20,15,NES
2023-09-20,13,SNES
2023-09-19,22,GameBoy
2023-09-19,23,NES
2023-09-19,5,SNES
2023-09-18,29,GameBoy
2023-09-18,17,NES
2023-09-18,12,SNES
2023-09-17,35,GameBoy
2023-09-17,8,NES
2023-09-17,21,SNES
2023-09-16,38,GameBoy
2023-09-16,17,NES
2023-09-16,13,SNES
2023-09-15,30,GameBoy
2023-09-15,10,NES
2023-09-15,11,SNES
2023-09-14,27,GameBoy
2023-09-14,11,NES
2023-09-14,9,SNES
2023-09-13,28,GameBoy
2023-09-13,20,NES
2023-09-13,5,SNES
2023-09-12,19,GameBoy
2023-09-12,28,NES
2023-09-12,5,SNES
2023-09-11,19,GameBoy
2023-09-11,25,NES
2023-09-11,5,SNES
2023-09-10,15,GameBoy
2023-09-10,22,NES
2023-09-10,5,SNES
2023-09-09,18,GameBoy
2023-09-09,30,NES
2023-09-09,5,SNES
2023-09-08,10,GameBoy
2023-09-08,35,NES
2023-09-08,13,SNES
2023-09-07,11,GameBoy
2023-09-07,30,NES
2023-09-07,22,SNES
2023-09-06,14,GameBoy
2023-09-06,32,NES
2023-09-06,29,SNES
2023-09-05,7,GameBoy
2023-09-05,25,NES
2023-09-05,37,SNES
2023-09-04,5,GameBoy
2023-09-04,24,NES
2023-09-04,27,SNES
2023-09-03,12,GameBoy
2023-09-03,17,NES
2023-09-03,31,SNES
2023-09-02,12,GameBoy
2023-09-02,17,NES
2023-09-02,25,SNES
2023-09-01,13,GameBoy
2023-09-01,26,NES
2023-09-01,22,SNES
2023-08-31,7,GameBoy
2023-08-31,34,NES
2023-08-31,12,SNES
2023-08-30,12,GameBoy
2023-08-30,41,NES
2023-08-30,6,SNES
2023-08-29,6,GameBoy
2023-08-29,33,NES
2023-08-29,6,SNES
2023-08-28,5,GameBoy
2023-08-28,42,NES
2023-08-28,13,SNES
2023-08-27,12,GameBoy
2023-08-27,39,NES
2023-08-27,18,SNES
2023-08-26,10,GameBoy
2023-08-26,32,NES
2023-08-26,15,SNES
2023-08-25,5,GameBoy
2023-08-25,35,NES
2023-08-25,15,SNES
2023-08-24,5,GameBoy
2023-08-24,44,NES
2023-08-24,16,SNES
2023-08-23,5,GameBoy
2023-08-23,44,NES
2023-08-23,24,SNES
2023-08-22,5,GameBoy
2023-08-22,35,NES
2023-08-22,32,SNES
2023-08-21,7,GameBoy
2023-08-21,42,NES
2023-08-21,22,SNES
2023-08-20,5,GameBoy
2023-08-20,33,NES
2023-08-20,27,SNES
2023-08-19,5,GameBoy
2023-08-19,36,NES
2023-08-19,32,SNES
2023-08-18,9,GameBoy
2023-08-18,40,NES
2023-08-18,38,SNES
2023-08-17,5,GameBoy
2023-08-17,45,NES
2023-08-17,45,SNES
2023-08-16,5,GameBoy
2023-08-16,49,NES
2023-08-16,49,SNES
2023-08-15,5,GameBoy
2023-08-15,50,NES
2023-08-15,45,SNES
2023-08-14,7,GameBoy
2023-08-14,54,NES
2023-08-14,50,SNES
2023-08-13,11,GameBoy
2023-08-13,60,NES
2023-08-13,44,SNES
2023-08-12,18,GameBoy
2023-08-12,54,NES
2023-08-12,36,SNES
2023-08-11,14,GameBoy
2023-08-11,57,NES
2023-08-11,43,SNES
2023-08-10,6,GameBoy
2023-08-10,47,NES
2023-08-10,40,SNES
2023-08-09,8,GameBoy
2023-08-09,40,NES
2023-08-09,31,SNES
2023-08-08,11,GameBoy
2023-08-08,35,NES
2023-08-08,38,SNES
2023-08-07,13,GameBoy
2023-08-07,42,NES
2023-08-07,33,SNES
2023-08-06,12,GameBoy
2023-08-06,49,NES
2023-08-06,31,SNES
2023-08-05,5,GameBoy
2023-08-05,43,NES
2023-08-05,31,SNES
2023-08-04,5,GameBoy
2023-08-04,35,NES
2023-08-04,23,SNES
2023-08-03,5,GameBoy
2023-08-03,35,NES
2023-08-03,32,SNES
2023-08-02,5,GameBoy
2023-08-02,38,NES
2023-08-02,29,SNES
2023-08-01,5,GameBoy
2023-08-01,33,NES
2023-08-01,36,SNES
2023-07-31,5,GameBoy
2023-07-31,25,NES
2023-07-31,34,SNES
2023-07-30,5,GameBoy
2023-07-30,21,NES
2023-07-30,39,SNES
2023-07-29,5,GameBoy
2023-07-29,25,NES
2023-07-29,29,SNES
2023-07-28,5,GameBoy
2023-07-28,27,NES
2023-07-28,30,SNES
2023-07-27,12,GameBoy
2023-07-27,21,NES
2023-07-27,30,SNES
2023-07-26,16,GameBoy
2023-07-26,11,NES
2023-07-26,20,SNES
2023-07-25,8,GameBoy
2023-07-25,7,NES
2023-07-25,25,SNES
2023-07-24,9,GameBoy
2023-07-24,15,NES
2023-07-24,23,SNES
2023-07-23,5,GameBoy
2023-07-23,10,NES
2023-07-23,15,SNES
2023-07-22,5,GameBoy
2023-07-22,5,NES
2023-07-22,6,SNES
2023-07-21,13,GameBoy
2023-07-21,14,NES
2023-07-21,5,SNES
2023-07-20,9,GameBoy
2023-07-20,21,NES
2023-07-20,11,SNES
2023-07-19,8,GameBoy
2023-07-19,23,NES
2023-07-19,10,SNES
2023-07-18,16,GameBoy
2023-07-18,27,NES
2023-07-18,5,SNES
2023-07-17,19,GameBoy
2023-07-17,21,NES
2023-07-17,14,SNES
2023-07-16,18,GameBoy
2023-07-16,13,NES
2023-07-16,12,SNES
2023-07-15,13,GameBoy
2023-07-15,9,NES
2023-07-15,19,SNES
2023-07-14,9,GameBoy
2023-07-14,18,NES
2023-07-14,17,SNES
2023-07-13,15,GameBoy
2023-07-13,16,NES
2023-07-13,8,SNES
2023-07-12,5,GameBoy
2023-07-12,11,NES
2023-07-12,12,SNES
2023-07-11,5,GameBoy
2023-07-11,7,NES
2023-07-11,14,SNES
2023-07-10,5,GameBoy
2023-07-10,5,NES
2023-07-10,20,SNES
2023-07-09,13,GameBoy
2023-07-09,6,NES
2023-07-09,11,SNES
2023-07-08,17,GameBoy
2023-07-08,10,NES
2023-07-08,5,SNES
2023-07-07,24,GameBoy
2023-07-07,5,NES
2023-07-07,5,SNES
2023-07-06,15,GameBoy
2023-07-06,12,NES
2023-07-06,5,SNES
2023-07-05,14,GameBoy
2023-07-05,5,NES
2023-07-05,6,SNES
2023-07-04,14,GameBoy
2023-07-04,5,NES
2023-07-04,5,SNES
2023-07-03,20,GameBoy
2023-07-03,12,NES
2023-07-03,7,SNES
2023-07-02,10,GameBoy
2023-07-02,13,NES
2023-07-02,5,SNES
2023-07-01,5,GameBoy
2023-07-01,5,NES
2023-07-01,14,SNES
2023-06-30,6,GameBoy
2023-06-30,5,NES
2023-06-30,17,SNES
2023-06-29,5,GameBoy
2023-06-29,8,NES
2023-06-29,12,SNES
2023-06-28,5,GameBoy
2023-06-28,7,NES
2023-06-28,9,SNES
2023-06-27,6,GameBoy
2023-06-27,15,NES
2023-06-27,5,SNES
2023-06-26,12,GameBoy
2023-06-26,22,NES
2023-06-26,6,SNES
2023-06-25,17,GameBoy
2023-06-25,28,NES
2023-06-25,15,SNES
2023-06-24,14,GameBoy
2023-06-24,32,NES
2023-06-24,13,SNES
2023-06-23,5,GameBoy
2023-06-23,24,NES
2023-06-23,20,SNES
2023-06-22,10,GameBoy
2023-06-22,24,NES
2023-06-22,20,SNES
2023-06-21,8,GameBoy
2023-06-21,17,NES
2023-06-21,20,SNES
2023-06-20,15,GameBoy
2023-06-20,14,NES
2023-06-20,28,SNES
2023-06-19,11,GameBoy
2023-06-19,15,NES
2023-06-19,35,SNES
2023-06-18,5,GameBoy
2023-06-18,17,NES
2023-06-18,27,SNES
2023-06-17,11,GameBoy
2023-06-17,26,NES
2023-06-17,17,SNES
2023-06-16,11,GameBoy
2023-06-16,32,NES
2023-06-16,20,SNES
2023-06-15,13,GameBoy
2023-06-15,33,NES
2023-06-15,27,SNES
2023-06-14,15,GameBoy
2023-06-14,35,NES
2023-06-14,19,SNES
2023-06-13,7,GameBoy
2023-06-13,43,NES
2023-06-13,10,SNES
2023-06-12,6,GameBoy
2023-06-12,40,NES
2023-06-12,6,SNES
2023-06-11,14,GameBoy
2023-06-11,48,NES
2023-06-11,5,SNES
2023-06-10,17,GameBoy
2023-06-10,57,NES
2023-06-10,12,SNES
2023-06-09,12,GameBoy
2023-06-09,62,NES
2023-06-09,8,SNES
2023-06-08,21,GameBoy
2023-06-08,55,NES
2023-06-08,16,SNES
2023-06-07,11,GameBoy
2023-06-07,64,NES
2023-06-07,14,SNES
2023-06-06,14,GameBoy
2023-06-06,56,NES
2023-06-06,13,SNES
2023-06-05,13,GameBoy
2023-06-05,50,NES
2023-06-05,12,SNES
2023-06-04,17,GameBoy
2023-06-04,50,NES
2023-06-04,5,SNES
2023-06-03,14,GameBoy
2023-06-03,59,NES
2023-06-03,5,SNES
2023-06-02,12,GameBoy
2023-06-02,56,NES
2023-06-02,5,SNES
2023-06-01,14,GameBoy
2023-06-01,58,NES
2023-06-01,5,SNES
2023-05-31,14,GameBoy
2023-05-31,51,NES
2023-05-31,5,SNES
2023-05-30,22,GameBoy
2023-05-30,47,NES
2023-05-30,6,SNES
2023-05-29,27,GameBoy
2023-05-29,53,NES
2023-05-29,5,SNES
2023-05-28,32,GameBoy
2023-05-28,55,NES
2023-05-28,8,SNES
2023-05-27,31,GameBoy
2023-05-27,51,NES
2023-05-27,12,SNES
2023-05-26,21,GameBoy
2023-05-26,47,NES
2023-05-26,19,SNES
2023-05-25,23,GameBoy
2023-05-25,40,NES
2023-05-25,27,SNES
2023-05-24,23,GameBoy
2023-05-24,49,NES
2023-05-24,28,SNES
2023-05-23,31,GameBoy
2023-05-23,47,NES
2023-05-23,30,SNES
2023-05-22,26,GameBoy
2023-05-22,49,NES
2023-05-22,21,SNES
2023-05-21,23,GameBoy
2023-05-21,48,NES
2023-05-21,22,SNES
2023-05-20,16,GameBoy
2023-05-20,52,NES
2023-05-20,21,SNES
2023-05-19,21,GameBoy
2023-05-19,59,NES
2023-05-19,17,SNES
2023-05-18,22,GameBoy
2023-05-18,51,NES
2023-05-18,23,SNES
2023-05-17,20,GameBoy
2023-05-17,53,NES
2023-05-17,29,SNES
2023-05-16,25,GameBoy
2023-05-16,58,NES
2023-05-16,38,SNES
2023-05-15,33,GameBoy
2023-05-15,64,NES
2023-05-15,43,SNES
2023-05-14,33,GameBoy
2023-05-14,61,NES
2023-05-14,47,SNES
2023-05-13,27,GameBoy
2023-05-13,66,NES
2023-05-13,51,SNES
2023-05-12,29,GameBoy
2023-05-12,71,NES
2023-05-12,48,SNES
2023-05-11,20,GameBoy
2023-05-11,75,NES
2023-05-11,54,SNES
2023-05-10,19,GameBoy
2023-05-10,80,NES
2023-05-10,57,SNES
2023-05-09,26,GameBoy
2023-05-09,86,NES
2023-05-09,64,SNES
2023-05-08,20,GameBoy
2023-05-08,87,NES
2023-05-08,67,SNES
2023-05-07,27,GameBoy
2023-05-07,80,NES
2023-05-07,67,SNES
2023-05-06,25,GameBoy
2023-05-06,87,NES
2023-05-06,69,SNES
2023-05-05,22,GameBoy
2023-05-05,85,NES
2023-05-05,68,SNES
2023-05-04,25,GameBoy
2023-05-04,90,NES
2023-05-04,71,SNES
2023-05-03,21,GameBoy
2023-05-03,81,NES
2023-05-03,65,SNES
2023-05-02,25,GameBoy
2023-05-02,79,NES
2023-05-02,69,SNES
2023-05-01,19,GameBoy
2023-05-01,83,NES
2023-05-01,76,SNES
2023-04-30,16,GameBoy
2023-04-30,77,NES
2023-04-30,77,SNES
2023-04-29,8,GameBoy
2023-04-29,68,NES
2023-04-29,68,SNES
2023-04-28,8,GameBoy
2023-04-28,58,NES
2023-04-28,72,SNES
2023-04-27,6,GameBoy
2023-04-27,51,NES
2023-04-27,65,SNES
2023-04-26,14,GameBoy
2023-04-26,50,NES
2023-04-26,62,SNES
2023-04-25,17,GameBoy
2023-04-25,45,NES
2023-04-25,53,SNES
2023-04-24,25,GameBoy
2023-04-24,51,NES
2023-04-24,43,SNES
2023-04-23,34,GameBoy
2023-04-23,55,NES
2023-04-23,41,SNES
2023-04-22,24,GameBoy
2023-04-22,63,NES
2023-04-22,36,SNES
2023-04-21,16,GameBoy
2023-04-21,58,NES
2023-04-21,45,SNES
2023-04-20,14,GameBoy
2023-04-20,54,NES
2023-04-20,51,SNES
2023-04-19,5,GameBoy
2023-04-19,44,NES
2023-04-19,48,SNES
2023-04-18,14,GameBoy
2023-04-18,50,NES
2023-04-18,42,SNES
2023-04-17,22,GameBoy
2023-04-17,46,NES
2023-04-17,34,SNES
2023-04-16,25,GameBoy
2023-04-16,54,NES
2023-04-16,37,SNES
2023-04-15,27,GameBoy
2023-04-15,53,NES
2023-04-15,42,SNES
2023-04-14,25,GameBoy
2023-04-14,56,NES
2023-04-14,51,SNES
2023-04-13,17,GameBoy
2023-04-13,61,NES
2023-04-13,47,SNES
2023-04-12,24,GameBoy
2023-04-12,55,NES
2023-04-12,50,SNES
2023-04-11,23,GameBoy
2023-04-11,57,NES
2023-04-11,56,SNES
2023-04-10,25,GameBoy
2023-04-10,55,NES
2023-04-10,48,SNES
2023-04-09,28,GameBoy
2023-04-09,53,NES
2023-04-09,45,SNES
2023-04-08,29,GameBoy
2023-04-08,48,NES
2023-04-08,54,SNES
2023-04-07,30,GameBoy
2023-04-07,43,NES
2023-04-07,53,SNES
2023-04-06,30,GameBoy
2023-04-06,45,NES
2023-04-06,61,SNES
2023-04-05,30,GameBoy
2023-04-05,36,NES
2023-04-05,58,SNES
2023-04-04,35,GameBoy
2023-04-04,31,NES
2023-04-04,50,SNES
2023-04-03,38,GameBoy
2023-04-03,26,NES
2023-04-03,51,SNES
2023-04-02,46,GameBoy
2023-04-02,16,NES
2023-04-02,55,SNES
2023-04-01,50,GameBoy
2023-04-01,17,NES
2023-04-01,58,SNES
2023-03-31,50,GameBoy
2023-03-31,11,NES
2023-03-31,65,SNES
2023-03-30,48,GameBoy
2023-03-30,12,NES
2023-03-30,68,SNES
2023-03-29,56,GameBoy
2023-03-29,12,NES
2023-03-29,58,SNES
2023-03-28,62,GameBoy
2023-03-28,17,NES
2023-03-28,63,SNES
2023-03-27,64,GameBoy
2023-03-27,26,NES
2023-03-27,60,SNES
2023-03-26,62,GameBoy
2023-03-26,21,NES
2023-03-26,58,SNES
2023-03-25,52,GameBoy
2023-03-25,18,NES
2023-03-25,55,SNES
2023-03-24,43,GameBoy
2023-03-24,8,NES
2023-03-24,59,SNES
2023-03-23,50,GameBoy
2023-03-23,16,NES
2023-03-23,64,SNES
2023-03-22,40,GameBoy
2023-03-22,21,NES
2023-03-22,62,SNES
2023-03-21,35,GameBoy
2023-03-21,20,NES
2023-03-21,63,SNES
2023-03-20,35,GameBoy
2023-03-20,19,NES
2023-03-20,66,SNES
2023-03-19,29,GameBoy
2023-03-19,9,NES
2023-03-19,62,SNES
2023-03-18,22,GameBoy
2023-03-18,5,NES
2023-03-18,54,SNES
2023-03-17,14,GameBoy
2023-03-17,6,NES
2023-03-17,57,SNES
2023-03-16,5,GameBoy
2023-03-16,12,NES
2023-03-16,50,SNES
2023-03-15,11,GameBoy
2023-03-15,12,NES
2023-03-15,47,SNES
2023-03-14,19,GameBoy
2023-03-14,20,NES
2023-03-14,52,SNES
2023-03-13,15,GameBoy
2023-03-13,27,NES
2023-03-13,50,SNES
2023-03-12,16,GameBoy
2023-03-12,24,NES
2023-03-12,49,SNES
2023-03-11,19,GameBoy
2023-03-11,18,NES
2023-03-11,41,SNES
2023-03-10,14,GameBoy
2023-03-10,21,NES
2023-03-10,32,SNES
2023-03-09,21,GameBoy
2023-03-09,19,NES
2023-03-09,36,SNES
2023-03-08,29,GameBoy
2023-03-08,23,NES
2023-03-08,45,SNES
2023-03-07,33,GameBoy
2023-03-07,31,NES
2023-03-07,41,SNES
2023-03-06,38,GameBoy
2023-03-06,24,NES
2023-03-06,48,SNES
2023-03-05,46,GameBoy
2023-03-05,18,NES
2023-03-05,57,SNES
2023-03-04,54,GameBoy
2023-03-04,22,NES
2023-03-04,51,SNES
2023-03-03,58,GameBoy
2023-03-03,28,NES
2023-03-03,43,SNES
2023-03-02,62,GameBoy
2023-03-02,26,NES
2023-03-02,35,SNES
2023-03-01,59,GameBoy
2023-03-01,34,NES
2023-03-01,27,SNES
2023-02-28,58,GameBoy
2023-02-28,37,NES
2023-02-28,30,SNES
2023-02-27,51,GameBoy
2023-02-27,27,NES
2023-02-27,32,SNES
2023-02-26,45,GameBoy
2023-02-26,32,NES
2023-02-26,35,SNES
2023-02-25,40,GameBoy
2023-02-25,40,NES
2023-02-25,34,SNES
2023-02-24,49,GameBoy
2023-02-24,44,NES
2023-02-24,29,SNES
2023-02-23,56,GameBoy
2023-02-23,51,NES
2023-02-23,35,SNES
2023-02-22,61,GameBoy
2023-02-22,60,NES
2023-02-22,32,SNES
2023-02-21,61,GameBoy
2023-02-21,69,NES
2023-02-21,30,SNES
2023-02-20,59,GameBoy
2023-02-20,61,NES
2023-02-20,34,SNES
2023-02-19,65,GameBoy
2023-02-19,64,NES
2023-02-19,27,SNES
2023-02-18,70,GameBoy
2023-02-18,64,NES
2023-02-18,28,SNES
2023-02-17,72,GameBoy
2023-02-17,67,NES
2023-02-17,35,SNES
2023-02-16,62,GameBoy
2023-02-16,76,NES
2023-02-16,28,SNES
2023-02-15,63,GameBoy
2023-02-15,70,NES
2023-02-15,30,SNES
2023-02-14,71,GameBoy
2023-02-14,75,NES
2023-02-14,25,SNES
2023-02-13,78,GameBoy
2023-02-13,76,NES
2023-02-13,21,SNES
2023-02-12,87,GameBoy
2023-02-12,73,NES
2023-02-12,20,SNES
2023-02-11,91,GameBoy
2023-02-11,67,NES
2023-02-11,15,SNES
2023-02-10,97,GameBoy
2023-02-10,59,NES
2023-02-10,9,SNES
2023-02-09,92,GameBoy
2023-02-09,65,NES
2023-02-09,13,SNES
2023-02-08,82,GameBoy
2023-02-08,72,NES
2023-02-08,5,SNES
2023-02-07,86,GameBoy
2023-02-07,77,NES
2023-02-07,5,SNES
2023-02-06,92,GameBoy
2023-02-06,69,NES
2023-02-06,5,SNES
2023-02-05,98,GameBoy
2023-02-05,60,NES
2023-02-05,12,SNES
2023-02-04,107,GameBoy
2023-02-04,68,NES
2023-02-04,19,SNES
2023-02-03,110,GameBoy
2023-02-03,62,NES
2023-02-03,19,SNES
2023-02-02,116,GameBoy
2023-02-02,62,NES
2023-02-02,21,SNES
2023-02-01,123,GameBoy
2023-02-01,62,NES
2023-02-01,24,SNES
2023-01-31,116,GameBoy
2023-01-31,62,NES
2023-01-31,19,SNES
2023-01-30,115,GameBoy
2023-01-30,62,NES
2023-01-30,10,SNES
2023-01-29,114,GameBoy
2023-01-29,53,NES
2023-01-29,5,SNES
2023-01-28,115,GameBoy
2023-01-28,47,NES
2023-01-28,10,SNES
2023-01-27,120,GameBoy
2023-01-27,54,NES
2023-01-27,5,SNES
2023-01-26,122,GameBoy
2023-01-26,49,NES
2023-01-26,5,SNES
2023-01-25,114,GameBoy
2023-01-25,53,NES
2023-01-25,11,SNES
2023-01-24,120,GameBoy
2023-01-24,62,NES
2023-01-24,6,SNES
2023-01-23,117,GameBoy
2023-01-23,70,NES
2023-01-23,5,SNES
2023-01-22,115,GameBoy
2023-01-22,68,NES
2023-01-22,5,SNES
2023-01-21,119,GameBoy
2023-01-21,69,NES
2023-01-21,14,SNES
2023-01-20,115,GameBoy
2023-01-20,69,NES
2023-01-20,11,SNES
2023-01-19,114,GameBoy
2023-01-19,78,NES
2023-01-19,5,SNES
2023-01-18,108,GameBoy
2023-01-18,85,NES
2023-01-18,5,SNES
2023-01-17,108,GameBoy
2023-01-17,82,NES
2023-01-17,5,SNES
2023-01-16,113,GameBoy
2023-01-16,76,NES
2023-01-16,5,SNES
2023-01-15,108,GameBoy
2023-01-15,74,NES
2023-01-15,13,SNES
2023-01-14,107,GameBoy
2023-01-14,77,NES
2023-01-14,9,SNES
2023-01-13,114,GameBoy
2023-01-13,72,NES
2023-01-13,18,SNES
2023-01-12,120,GameBoy
2023-01-12,78,NES
2023-01-12,11,SNES
2023-01-11,129,GameBoy
2023-01-11,87,NES
2023-01-11,13,SNES
2023-01-10,128,GameBoy
2023-01-10,91,NES
2023-01-10,14,SNES
2023-01-09,123,GameBoy
2023-01-09,89,NES
2023-01-09,16,SNES
2023-01-08,118,GameBoy
2023-01-08,95,NES
2023-01-08,23,SNES
2023-01-07,110,GameBoy
2023-01-07,93,NES
2023-01-07,31,SNES
2023-01-06,118,GameBoy
2023-01-06,85,NES
2023-01-06,39,SNES
2023-01-05,120,GameBoy
2023-01-05,94,NES
2023-01-05,38,SNES
2023-01-04,111,GameBoy
2023-01-04,87,NES
2023-01-04,47,SNES
2023-01-03,106,GameBoy
2023-01-03,77,NES
2023-01-03,41,SNES
2023-01-02,111,GameBoy
2023-01-02,77,NES
2023-01-02,45,SNES
2023-01-01,114,GameBoy
2023-01-01,77,NES
2023-01-01,54,SNES
2022-12-31,104,GameBoy
2022-12-31,69,NES
2022-12-31,47,SNES
2022-12-30,105,GameBoy
2022-12-30,71,NES
2022-12-30,37,SNES
2022-12-29,102,GameBoy
2022-12-29,64,NES
2022-12-29,35,SNES
2022-12-28,111,GameBoy
2022-12-28,66,NES
2022-12-28,28,SNES
2022-12-27,102,GameBoy
2022-12-27,75,NES
2022-12-27,29,SNES
2022-12-26,103,GameBoy
2022-12-26,66,NES
2022-12-26,34,SNES
2022-12-25,97,GameBoy
2022-12-25,58,NES
2022-12-25,32,SNES
2022-12-24,93,GameBoy
2022-12-24,49,NES
2022-12-24,30,SNES
2022-12-23,93,GameBoy
2022-12-23,54,NES
2022-12-23,26,SNES
2022-12-22,96,GameBoy
2022-12-22,55,NES
2022-12-22,35,SNES
2022-12-21,94,GameBoy
2022-12-21,45,NES
2022-12-21,39,SNES
2022-12-20,96,GameBoy
2022-12-20,35,NES
2022-12-20,40,SNES
2022-12-19,95,GameBoy
2022-12-19,25,NES
2022-12-19,42,SNES
2022-12-18,92,GameBoy
2022-12-18,24,NES
2022-12-18,36,SNES
2022-12-17,93,GameBoy
2022-12-17,20,NES
2022-12-17,28,SNES
2022-12-16,85,GameBoy
2022-12-16,23,NES
2022-12-16,37,SNES
2022-12-15,85,GameBoy
2022-12-15,23,NES
2022-12-15,34,SNES
2022-12-14,82,GameBoy
2022-12-14,29,NES
2022-12-14,28,SNES
2022-12-13,74,GameBoy
2022-12-13,21,NES
2022-12-13,34,SNES
2022-12-12,72,GameBoy
2022-12-12,27,NES
2022-12-12,26,SNES
2022-12-11,70,GameBoy
2022-12-11,22,NES
2022-12-11,32,SNES
2022-12-10,68,GameBoy
2022-12-10,17,NES
2022-12-10,25,SNES
2022-12-09,67,GameBoy
2022-12-09,13,NES
2022-12-09,18,SNES
2022-12-08,65,GameBoy
2022-12-08,7,NES
2022-12-08,11,SNES
2022-12-07,56,GameBoy
2022-12-07,5,NES
2022-12-07,5,SNES
2022-12-06,47,GameBoy
2022-12-06,5,NES
2022-12-06,5,SNES
2022-12-05,56,GameBoy
2022-12-05,5,NES
2022-12-05,9,SNES
2022-12-04,53,GameBoy
2022-12-04,5,NES
2022-12-04,13,SNES
2022-12-03,45,GameBoy
2022-12-03,5,NES
2022-12-03,14,SNES
2022-12-02,41,GameBoy
2022-12-02,5,NES
2022-12-02,14,SNES
2022-12-01,40,GameBoy
2022-12-01,10,NES
2022-12-01,18,SNES
2022-11-30,44,GameBoy
2022-11-30,12,NES
2022-11-30,24,SNES
2022-11-29,39,GameBoy
2022-11-29,21,NES
2022-11-29,25,SNES
2022-11-28,37,GameBoy
2022-11-28,27,NES
2022-11-28,22,SNES
2022-11-27,39,GameBoy
2022-11-27,25,NES
2022-11-27,17,SNES
2022-11-26,38,GameBoy
2022-11-26,23,NES
2022-11-26,15,SNES
2022-11-25,33,GameBoy
2022-11-25,25,NES
2022-11-25,16,SNES
2022-11-24,35,GameBoy
2022-11-24,16,NES
2022-11-24,23,SNES
2022-11-23,36,GameBoy
2022-11-23,16,NES
2022-11-23,21,SNES
2022-11-22,28,GameBoy
2022-11-22,7,NES
2022-11-22,22,SNES
2022-11-21,20,GameBoy
2022-11-21,9,NES
2022-11-21,25,SNES
2022-11-20,21,GameBoy
2022-11-20,5,NES
2022-11-20,32,SNES
2022-11-19,26,GameBoy
2022-11-19,11,NES
2022-11-19,38,SNES
2022-11-18,23,GameBoy
2022-11-18,10,NES
2022-11-18,41,SNES
2022-11-17,15,GameBoy
2022-11-17,11,NES
2022-11-17,44,SNES
2022-11-16,10,GameBoy
2022-11-16,5,NES
2022-11-16,52,SNES
2022-11-15,5,GameBoy
2022-11-15,11,NES
2022-11-15,42,SNES
2022-11-14,5,GameBoy
2022-11-14,5,NES
2022-11-14,48,SNES
2022-11-13,5,GameBoy
2022-11-13,12,NES
2022-11-13,42,SNES
2022-11-12,11,GameBoy
2022-11-12,14,NES
2022-11-12,43,SNES
2022-11-11,5,GameBoy
2022-11-11,5,NES
2022-11-11,39,SNES
2022-11-10,5,GameBoy
2022-11-10,6,NES
2022-11-10,39,SNES
2022-11-09,5,GameBoy
2022-11-09,9,NES
2022-11-09,47,SNES
2022-11-08,10,GameBoy
2022-11-08,9,NES
2022-11-08,37,SNES
2022-11-07,5,GameBoy
2022-11-07,14,NES
2022-11-07,46,SNES
2022-11-06,14,GameBoy
2022-11-06,22,NES
2022-11-06,48,SNES
2022-11-05,7,GameBoy
2022-11-05,21,NES
2022-11-05,43,SNES
2022-11-04,8,GameBoy
2022-11-04,17,NES
2022-11-04,50,SNES
2022-11-03,15,GameBoy
2022-11-03,13,NES
2022-11-03,56,SNES
2022-11-02,18,GameBoy
2022-11-02,16,NES
2022-11-02,50,SNES
2022-11-01,27,GameBoy
2022-11-01,7,NES
2022-11-01,51,SNES
2022-10-31,36,GameBoy
2022-10-31,5,NES
2022-10-31,52,SNES
2022-10-30,38,GameBoy
2022-10-30,5,NES
2022-10-30,48,SNES
2022-10-29,28,GameBoy
2022-10-29,6,NES
2022-10-29,50,SNES
2022-10-28,19,GameBoy
2022-10-28,5,NES
2022-10-28,48,SNES
2022-10-27,15,GameBoy
2022-10-27,5,NES
2022-10-27,44,SNES
2022-10-26,9,GameBoy
2022-10-26,12,NES
2022-10-26,35,SNES
2022-10-25,5,GameBoy
2022-10-25,5,NES
2022-10-25,31,SNES
2022-10-24,5,GameBoy
2022-10-24,14,NES
2022-10-24,38,SNES
2022-10-23,5,GameBoy
2022-10-23,20,NES
2022-10-23,29,SNES
2022-10-22,5,GameBoy
2022-10-22,28,NES
2022-10-22,30,SNES
2022-10-21,6,GameBoy
2022-10-21,19,NES
2022-10-21,34,SNES
2022-10-20,5,GameBoy
2022-10-20,9,NES
2022-10-20,40,SNES
2022-10-19,5,GameBoy
2022-10-19,5,NES
2022-10-19,45,SNES
2022-10-18,13,GameBoy
2022-10-18,13,NES
2022-10-18,51,SNES